{
  "class_name": "PinholeCameraParameters",
  "extrinsic": [
    1.0,
    -0.0,
    -0.0,
    0.0,
    0.0,
    -1.0,
    -0.0,
    0.0,
    0.0,
    -0.0,
    -1.0,
    0.0,
    -0.027321133613586429,
    0.048001468181610107,
    1.3811853371434606,
    1.0
  ],
  "intrinsic": {
    "height": 1061,
    "intrinsic_matrix": [
      918.85295341528945,
      0.0,
      0.0,
      0.0,
      918.85295341528945,
      0.0,
      959.5,
      530.0,
      1.0
    ],
    "width": 1920
  },
  "version_major": 1,
  "version_minor": 0
}